"ID","Member ID"
"62330924","1001"
"62330926","1002"
"62330928","1003"
"62330931","1004"
"62330935","1005"
"62330937","1006"
"62330943","1007"
"62330946","1008"
"62330949","1009"
"62330953","1010"
"62330954","1011"
"62330955","1012"
"62330956","1013"
"62330964","1014"
"62330978","1015"
"62330985","1016"
"62330983","1017"
"62330986","1018"
"62330992","1020"
"62330997","1021"
"62331001","1022"
"62331002","1023"
"62331007","1024"
"62331017","1026"
"62331014","1027"
"62331020","1028"
"62331024","1029"
"62331033","1030"
"62331036","1031"
"62331039","1032"
"62331046","1033"
"62331047","1034"
"62331048","1035"
"62331052","1036"
"62331056","1037"
"62331059","1038"
"62331065","1039"
"62331069","1040"
"62331076","1041"
"62331080","1042"
"62331085","1043"
"62331090","1045"
"62331094","1046"
"62331100","1047"
"62331104","1048"
"62331105","1049"
"62331107","1050"
"62331110","1051"
"62331111","1052"
"62331112","1053"
"62331121","1054"
"62331125","1055"
"62331151","1056"
"62331159","1057"
"62331167","1058"
"62331163","1059"
"62331652","1060"
"62331166","1061"
"62331169","1062"
"62331173","1063"
"62331177","1064"
"62331184","1065"
"62331067","1066"
"62331191","1067"
"62331193","1068"
"62331194","1069"
"62331196","1070"
"62331197","1071"
"62331206","1072"
"62331214","1073"
"62331215","1074"
"62331216","1076"
"62331217","1077"
"62331221","1078"
"62331225","1079"
"62331226","1080"
"62331228","1081"
"62331227","1082"
"62331229","1083"
"62331237","1084"
"62331234","1085"
"62331249","1086"
"62331253","1087"
"62331254","1088"
"62331262","1089"
"62331268","1090"
"62331276","1091"
"62331283","1092"
"62331284","1093"
"62331285","1094"
"62331290","1095"
"62331294","1096"
"62331295","1097"
"62331308","1098"
"62331306","1099"
"62331310","1100"
"62331320","1102"
"62331319","1103"
"62331326","1104"
"62331330","1105"
"62331331","1106"
"62331332","1107"
"62331333","1108"
"62331336","1109"
"62331347","1110"
"62331350","1111"
"62331351","1112"
"62331354","1113"
"62331355","1114"
"62331358","1115"
"62332311","1116"
"62331372","1117"
"62331375","1118"
"62331377","1119"
"62331379","1120"
"62331380","1121"
"62331382","1122"
"62331384","1123"
"62331447","1124"
"62331390","1126"
"62331391","1127"
"62331395","1128"
"62331397","1129"
"62331399","1130"
"62331400","1131"
"62331401","1132"
"62331404","1133"
"62331906","1134"
"62331411","1135"
"62331415","1136"
"62331416","1137"
"62331430","1138"
"62331431","1139"
"62331907","1140"
"62331443","1141"
"62331444","1142"
"62331452","1143"
"62331450","1144"
"62331451","1145"
"62331459","1146"
"62331464","1147"
"62331465","1148"
"62331467","1149"
"62331479","1150"
"62331484","1151"
"62331485","1152"
"62331491","1153"
"62331498","1154"
"62331507","1155"
"62331510","1156"
"62331511","1157"
"62331514","1158"
"62331515","1159"
"62331524","1160"
"62331526","1161"
"62331523","1162"
"62331531","1163"
"62331532","1164"
"62331534","1165"
"62331536","1166"
"62331537","1167"
"62331538","1168"
"62331541","1169"
"62331558","1171"
"62331559","1172"
"62331560","1173"
"62331565","1174"
"62331568","1175"
"62331569","1176"
"62331573","1177"
"62331574","1178"
"62331570","1179"
"62331581","1180"
"62331586","1181"
"62331590","1182"
"62331592","1183"
"62331594","1184"
"62331595","1185"
"62331598","1186"
"62331605","1187"
"62331607","1188"
"62331608","1189"
"62331338","1190"
"62331609","1191"
"62331610","1192"
"62331611","1193"
"62331618","1194"
"62331619","1195"
"62331620","1196"
"62331621","1197"
"62331623","1199"
"62331626","1200"
"62331627","1202"
"62331634","1203"
"62331092","1204"
"62331637","1205"
"62331640","1206"
"62331641","1207"
"62331643","1208"
"62331644","1209"
"62331645","1210"
"62331649","1211"
"62331665","1212"
"62331666","1213"
"62331668","1215"
"62331679","1216"
"62331361","1218"
"62331938","1219"
"62332107","1220"
"62332194","1221"
"62331119","1222"
"62332127","1223"
"62332089","1225"
"62332044","1227"
"62332281","1228"
"62331408","1229"
"62330981","1230"
"62330973","1231"
"62332037","1233"
"62332210","1234"
"62332348","1235"
"62331715","1236"
"62331970","1237"
"62331688","1238"
"62332326","1239"
"62331164","1240"
"62331681","1241"
"62332246","1242"
"62330947","1243"
"62331799","1244"
"62331346","1245"
"62331745","1246"
"62331505","1247"
"62332099","1248"
"62331662","1249"
"62332021","1250"
"62332346","1251"
"62330999","1252"
"62332191","1253"
"62331176","1254"
"62332137","1255"
"62331776","1256"
"62332345","1257"
"62331911","1260"
"62331591","1261"
"62331365","1262"
"62332362","1263"
"62331329","1265"
"62331270","1267"
"62331040","1268"
"62331341","1269"
"62331029","1270"
"62331054","1271"
"62331010","1273"
"62330884","1274"
"62331920","1276"
"62332160","1277"
"62331730","1278"
"62331362","1279"
"62331187","1280"
"62331988","1281"
"62331635","1282"
"62332056","1283"
"62331694","1284"
"62331705","1285"
"62332351","1286"
"62332035","1287"
"62331244","1288"
"62331767","1289"
"62331773","1290"
"62331600","1291"
"62332374","1292"
"62331777","1293"
"62331784","1294"
"62331792","1295"
"62331171","1296"
"62331826","1297"
"62331790","1298"
"62331850","1299"
"62331152","1300"
"62332065","1301"
"62331041","1302"
"62331596","1303"
"62332147","1304"
"62331064","1305"
"62331309","1306"
"62331539","1308"
"62331916","1309"
"62331492","1310"
"62332386","1311"
"62331876","1312"
"62331884","1313"
"62331885","1314"
"62331890","1315"
"62331893","1316"
"62331894","1317"
"62331051","1318"
"62331904","1319"
"62331912","1320"
"62331927","1321"
"62331930","1322"
"62331935","1323"
"62331060","1324"
"62331271","1325"
"62331712","1326"
"62331463","1327"
"62331939","1329"
"62331058","1330"
"62332420","1331"
"62332050","1332"
"62331273","1334"
"62331940","1335"
"62331663","1337"
"62330939","1338"
"62330936","1339"
"62332074","1340"
"62332287","1341"
"62331740","1342"
"62331754","1343"
"62332145","1344"
"62330933","1345"
"62332022","1346"
"62331602","1347"
"62331628","1348"
"62330962","1349"
"62332069","1350"
"62331929","1351"
"62331117","1352"
"62332130","1353"
"62331704","1354"
"62331753","1355"
"62331958","1356"
"62331768","1357"
"62332018","1358"
"62331175","1360"
"62331742","1361"
"62332038","1362"
"62332408","1363"
"62330966","1364"
"62331750","1365"
"62331963","1366"
"62330990","1368"
"62332101","1370"
"62331360","1371"
"62330957","1372"
"62330958","1373"
"62331656","1374"
"62331746","1375"
"62332239","1376"
"62331807","1377"
"62332237","1378"
"62331888","1379"
"62331088","1381"
"62331223","1382"
"62332155","1383"
"62330969","1384"
"62332164","1386"
"62331677","1388"
"62331580","1389"
"62331755","1390"
"62331553","1391"
"62331145","1392"
"62332315","1393"
"62331670","1394"
"62331499","1395"
"62331731","1396"
"62332319","1397"
"62332248","1398"
"62332010","1399"
"62331657","1400"
"62331178","1401"
"62330929","1402"
"62332412","1403"
"62331659","1404"
"62332421","1405"
"62332158","1406"
"62331960","1407"
"62331307","1408"
"62331636","1409"
"62332098","1410"
"62331356","1411"
"62330904","1412"
"62331425","1413"
"62331460","1414"
"62331769","1415"
"62332007","1416"
"62331599","1417"
"62331289","1418"
"62331497","1419"
"62332201","1420"
"62331622","1421"
"62332414","1422"
"62331501","1423"
"62332111","1424"
"62331701","1425"
"62331301","1426"
"62331686","1427"
"62332393","1428"
"62331685","1429"
"62331022","1430"
"62331710","1431"
"62331724","1433"
"62332011","1434"
"62332005","1435"
"62331210","1436"
"62331576","1437"
"62331543","1438"
"62332413","1439"
"62331757","1440"
"62331780","1441"
"62331870","1442"
"62331224","1443"
"62332394","1444"
"62332360","1445"
"62331135","1446"
"62332302","1447"
"62332397","1448"
"62332276","1449"
"62331402","1450"
"62331062","1451"
"62332149","1452"
"62331575","1453"
"62332417","1454"
"62332343","1455"
"62331410","1456"
"62331806","1457"
"62331190","1458"
"62332404","1460"
"62331883","1461"
"62332117","1462"
"62332006","1463"
"62331676","1464"
"62331305","1465"
"62332250","1467"
"62332094","1468"
"62331647","1470"
"62332109","1471"
"62331324","1472"
"62332325","1473"
"62332316","1474"
"62332416","1475"
"62332159","1476"
"62331396","1477"
"62331140","1478"
"62331801","1479"
"62331153","1480"
"62331466","1481"
"62331571","1482"
"62332336","1484"
"62331116","1485"
"62332358","1486"
"62331660","1487"
"62332090","1488"
"62331424","1489"
"62332332","1490"
"62331954","1491"
"62331517","1492"
"62331849","1493"
"62330980","1494"
"62331134","1495"
"62331802","1496"
"62332212","1497"
"62330942","1498"
"62332341","1499"
"62332085","1500"
"62331928","1501"
"62332406","1502"
"62332224","1503"
"62331441","1504"
"62331669","1506"
"62332342","1507"
"62331758","1508"
"62332268","1510"
"62331128","1511"
"62330993","1512"
"62332051","1513"
"62331392","1514"
"62332405","1515"
"62331561","1516"
"62331083","1517"
"62331817","1518"
"62331550","1519"
"62332255","1520"
"62331274","1521"
"62331713","1522"
"62331144","1523"
"62332003","1524"
"62331901","1525"
"62332143","1526"
"62331201","1527"
"62331844","1528"
"62332379","1529"
"62332204","1530"
"62331900","1531"
"62331959","1532"
"62331165","1534"
"62331417","1535"
"62332241","1537"
"62330888","1538"
"62331123","1539"
"62331577","1540"
"62331863","1542"
"62331055","1543"
"62332318","1544"
"62332148","1545"
"62331527","1547"
"62330976","1548"
"62331138","1549"
"62332105","1550"
"62331965","1551"
"62330941","1552"
"62332375","1553"
"62331842","1554"
"62332047","1555"
"62331612","1557"
"62331821","1558"
"62332390","1559"
"62331106","1560"
"62331699","1561"
"62331837","1562"
"62332422","1563"
"62331542","1564"
"62331818","1565"
"62332091","1566"
"62331521","1567"
"62330910","1568"
"62331446","1569"
"62331005","1570"
"62331321","1571"
"62331766","1572"
"62331830","1573"
"62332053","1574"
"62331761","1575"
"62331049","1576"
"62331203","1577"
"62331487","1578"
"62331077","1579"
"62332063","1580"
"62332118","1581"
"62331477","1582"
"62332182","1583"
"62331302","1584"
"62331723","1585"
"62331847","1586"
"62332017","1587"
"62332073","1588"
"62332388","1589"
"62330885","159"
"62331950","1590"
"62331650","1591"
"62332199","1592"
"62331638","1593"
"62332242","1594"
"62332202","1595"
"62331797","1596"
"62331864","1597"
"62331982","1598"
"62330998","1599"
"62331566","160"
"62331406","1600"
"62331910","1601"
"62332025","1602"
"62331700","1603"
"62331727","1604"
"62331747","1605"
"62331788","1606"
"62331572","1607"
"62331759","1608"
"62331973","1609"
"62331480","161"
"62331367","1610"
"62331974","1611"
"62331042","1612"
"62332146","1613"
"62331977","1614"
"62332217","1615"
"62331149","1616"
"62332247","1617"
"62332142","1618"
"62331068","1619"
"62331687","162"
"62331141","1620"
"62331393","1621"
"62331422","1622"
"62332293","1623"
"62331691","1624"
"62332347","1625"
"62332382","1626"
"62331363","1627"
"62330959","1629"
"62331436","163"
"62331387","1630"
"62331845","1631"
"62331078","1632"
"62332188","1633"
"62332001","1634"
"62331136","1635"
"62331955","1636"
"62331454","1637"
"62331142","1638"
"62332161","1639"
"62331522","164"
"62331516","1640"
"62332249","1641"
"62331122","1642"
"62331478","1643"
"62332124","1644"
"62331905","1645"
"62331469","1646"
"62331794","1647"
"62331200","1648"
"62331728","1649"
"62331388","165"
"62331280","1651"
"62332411","1652"
"62331995","1653"
"62331729","1654"
"62330897","1655"
"62331063","1656"
"62331278","1657"
"62331282","1658"
"62331962","1659"
"62332238","166"
"62331489","1660"
"62331279","1661"
"62331281","1662"
"62331277","1663"
"62331398","1664"
"62331335","1666"
"62331981","1667"
"62332395","1668"
"62330948","1669"
"62332328","167"
"62332026","1670"
"62332296","1671"
"62331265","1672"
"62331102","1673"
"62332174","1674"
"62331922","1675"
"62330988","1676"
"62331737","1677"
"62331432","1678"
"62331614","1679"
"62332338","168"
"62332401","1680"
"62332378","1681"
"62332402","1682"
"62331923","1683"
"62332154","1684"
"62331741","1685"
"62332133","1686"
"62332116","1687"
"62332213","1688"
"62332123","1689"
"62331702","1690"
"62332272","1691"
"62331692","1692"
"62332381","1694"
"62331439","1695"
"62331778","1696"
"62332283","1697"
"62331027","1698"
"62331865","1699"
"62332192","170"
"62331866","1700"
"62331770","1701"
"62332067","1702"
"62331168","1703"
"62331589","1704"
"62331841","1705"
"62331832","1706"
"62331943","1707"
"62330909","1708"
"62331364","1709"
"62332269","171"
"62330925","1710"
"62330944","1711"
"62331053","1712"
"62332214","1713"
"62331019","1714"
"62331146","1715"
"62331964","1716"
"62331671","1717"
"62331098","1718"
"62332014","1719"
"62331552","1720"
"62330965","1722"
"62331026","1723"
"62331032","1724"
"62332285","1725"
"62331089","1726"
"62331084","1727"
"62331114","1728"
"62331011","1729"
"62331150","1730"
"62331238","1731"
"62331247","1732"
"62331291","1734"
"62332335","1735"
"62332106","1736"
"62331359","1737"
"62331437","1738"
"62331496","1739"
"62331899","174"
"62332019","1740"
"62331630","1742"
"62331680","1743"
"62331693","1744"
"62331697","1745"
"62331707","1746"
"62331714","1747"
"62331764","1748"
"62331765","1749"
"62331081","175"
"62331771","1750"
"62331774","1751"
"62331782","1752"
"62331789","1753"
"62331795","1754"
"62331811","1755"
"62331823","1756"
"62331873","1757"
"62331886","1758"
"62331944","1759"
"62331045","176"
"62331407","1760"
"62331951","1761"
"62331952","1762"
"62331957","1763"
"62331953","1764"
"62331961","1765"
"62332030","1767"
"62332031","1768"
"62332045","1769"
"62332070","1771"
"62332096","1772"
"62332097","1773"
"62332135","1774"
"62332150","1775"
"62332157","1776"
"62332169","1777"
"62332171","1778"
"62332172","1779"
"62332181","1780"
"62332170","1782"
"62331585","1783"
"62332211","1784"
"62332216","1785"
"62332223","1786"
"62332225","1787"
"62332259","1788"
"62332260","1789"
"62332367","179"
"62332270","1790"
"62332288","1791"
"62332295","1792"
"62332339","1793"
"62332344","1794"
"62332359","1795"
"62332353","1796"
"62332389","1797"
"62332398","1798"
"62332322","1799"
"62331266","180"
"62332207","1800"
"62331976","1801"
"62331120","1802"
"62331073","1803"
"62331316","1804"
"62331317","1805"
"62331257","1806"
"62331613","1807"
"62331004","1808"
"62332049","1809"
"62332399","1810"
"62331082","1811"
"62331334","1812"
"62331023","1813"
"62332114","1814"
"62332189","1815"
"62332121","1816"
"62332289","1817"
"62331231","1818"
"62332324","1819"
"62332387","182"
"62331250","1820"
"62331867","1821"
"62331985","1822"
"62331043","1824"
"62332197","1825"
"62330960","1826"
"62331588","1828"
"62332000","1829"
"62331932","183"
"62332108","1831"
"62331734","1832"
"62331418","1833"
"62331426","1834"
"62332166","1835"
"62332048","1836"
"62332113","1837"
"62331304","1838"
"62331219","1839"
"62331008","184"
"62332263","1840"
"62331313","1841"
"62330989","1843"
"62331813","1844"
"62331235","1845"
"62330930","1849"
"62330900","185"
"62330945","1850"
"62332076","1851"
"62331476","1852"
"62331941","1854"
"62331435","1855"
"62331793","1856"
"62331658","1857"
"62332141","1858"
"62332036","1859"
"62332029","186"
"62331862","1860"
"62331672","1861"
"62331549","1862"
"62331209","1863"
"62331980","1864"
"62331218","1865"
"62331579","1866"
"62330919","1867"
"62332280","187"
"62331991","1870"
"62331385","1871"
"62332376","1873"
"62332363","1875"
"62331545","1876"
"62331242","1877"
"62331803","1878"
"62331879","188"
"62331898","189"
"62331525","190"
"62331902","191"
"62332383","192"
"62332251","193"
"62331481","194"
"62332233","195"
"62331762","196"
"62332215","197"
"62332206","198"
"62332185","199"
"62332134","201"
"62332100","202"
"62331667","203"
"62331664","205"
"62331508","207"
"62331468","208"
"62332040","209"
"62332077","210"
"62332368","211"
"62332218","213"
"62331126","214"
"62331239","215"
"62331544","217"
"62331838","218"
"62331839","219"
"62331840","220"
"62331071","221"
"62331445","222"
"62331139","223"
"62332080","224"
"62330951","225"
"62331518","226"
"62332329","227"
"62331582","228"
"62332115","229"
"62331205","230"
"62331721","231"
"62331340","232"
"62331366","234"
"62332015","235"
"62331785","236"
"62331833","237"
"62331342","238"
"62332165","240"
"62332136","241"
"62332016","242"
"62332087","243"
"62332369","244"
"62331419","246"
"62331087","247"
"62332064","248"
"62332088","249"
"62331486","251"
"62331409","252"
"62331736","253"
"62331989","254"
"62332177","259"
"62331251","261"
"62332082","262"
"62331374","263"
"62331556","264"
"62331949","265"
"62330984","266"
"62332179","267"
"62331646","268"
"62331483","269"
"62331269","270"
"62332290","271"
"62332184","272"
"62332418","273"
"62331942","274"
"62331061","275"
"62331683","277"
"62331716","279"
"62331472","280"
"62331615","281"
"62331174","282"
"62331044","283"
"62331427","284"
"62330906","285"
"62331779","286"
"62331996","287"
"62332092","289"
"62330911","290"
"62331009","291"
"62331555","292"
"62331170","294"
"62331509","295"
"62331743","296"
"62332103","298"
"62331749","299"
"62332305","300"
"62331195","301"
"62331557","302"
"62330934","304"
"62331198","305"
"62331684","306"
"62331897","309"
"62331711","312"
"62332163","313"
"62332013","314"
"62330938","315"
"62331997","317"
"62332126","318"
"62332220","319"
"62331578","320"
"62331292","323"
"62332361","324"
"62331682","325"
"62331245","326"
"62332400","327"
"62331442","328"
"62331816","330"
"62331678","331"
"62331000","332"
"62331587","333"
"62331786","334"
"62330927","335"
"62331161","337"
"62332240","338"
"62332071","339"
"62331828","340"
"62331016","341"
"62331493","342"
"62331631","343"
"62331070","344"
"62332243","345"
"62332391","346"
"62331325","347"
"62330918","348"
"62331066","351"
"62332337","352"
"62331034","355"
"62331453","356"
"62331113","358"
"62331179","359"
"62331800","360"
"62331563","361"
"62331972","362"
"62332354","363"
"62331533","364"
"62332308","365"
"62332309","366"
"62332277","367"
"62332274","368"
"62332271","369"
"62332292","370"
"62331006","372"
"62332176","373"
"62332230","374"
"62332252","375"
"62332370","376"
"62332144","377"
"62331368","379"
"62331654","380"
"62332132","381"
"62332200","382"
"62331852","383"
"62331035","384"
"62332257","386"
"62332380","389"
"62331738","390"
"62332261","391"
"62332222","392"
"62330899","394"
"62331370","395"
"62331488","396"
"62331348","397"
"62332349","398"
"62332075","399"
"62331461","400"
"62332129","401"
"62332119","402"
"62332314","403"
"62332396","404"
"62332407","405"
"62332229","407"
"62331428","410"
"62331604","412"
"62332340","414"
"62332083","415"
"62331222","417"
"62331673","418"
"62331772","420"
"62331744","421"
"62331661","422"
"62332208","423"
"62331632","424"
"62332365","426"
"62331030","427"
"62331318","428"
"62332020","429"
"62331763","430"
"62332409","431"
"62331031","432"
"62332059","433"
"62331240","434"
"62331966","435"
"62331272","436"
"62332024","437"
"62332262","438"
"62332167","439"
"62331015","440"
"62331349","441"
"62332104","442"
"62331327","443"
"62332004","444"
"62331241","445"
"62331975","446"
"62331624","447"
"62332384","448"
"62331983","449"
"62332226","450"
"62331429","451"
"62331913","452"
"62332327","454"
"62331512","455"
"62332152","456"
"62331258","457"
"62330994","458"
"62331050","459"
"62332320","460"
"62332120","464"
"62331072","466"
"62331993","467"
"62331855","468"
"62331946","470"
"62332078","471"
"62332081","472"
"62330940","473"
"62332333","474"
"62332279","475"
"62331625","476"
"62331455","477"
"62331751","478"
"62331494","480"
"62331675","481"
"62331490","482"
"62331639","483"
"62331909","484"
"62332278","485"
"62331917","486"
"62330971","487"
"62331339","488"
"62331857","489"
"62331616","490"
"62331567","491"
"62331859","493"
"62331861","494"
"62330977","495"
"62331733","496"
"62332331","497"
"62331495","498"
"62331703","499"
"62331872","500"
"62332156","501"
"62332355","502"
"62331931","503"
"62331969","504"
"62332364","505"
"62331202","506"
"62331903","508"
"62331383","509"
"62331457","510"
"62331987","511"
"62331129","513"
"62330952","514"
"62331892","515"
"62332352","516"
"62331275","518"
"62332052","519"
"62331881","520"
"62332219","521"
"62331456","523"
"62331097","524"
"62331914","525"
"62331908","526"
"62332323","527"
"62332297","528"
"62331882","530"
"62332095","532"
"62331796","533"
"62330967","534"
"62332419","535"
"62331185","536"
"62331211","537"
"62331162","539"
"62331115","540"
"62331021","541"
"62331798","542"
"62331698","543"
"62332205","544"
"62330922","546"
"62331775","547"
"62331921","548"
"62332298","549"
"62332258","550"
"62331925","551"
"62331674","552"
"62332153","554"
"62331956","557"
"62332012","558"
"62330903","559"
"62331732","560"
"62331814","561"
"62332057","562"
"62332253","563"
"62332356","564"
"62331564","565"
"62331096","566"
"62331529","567"
"62331013","568"
"62332110","569"
"62330923","570"
"62332112","571"
"62332190","572"
"62331412","573"
"62331300","574"
"62331808","575"
"62331978","576"
"62331877","577"
"62331984","579"
"62331421","580"
"62331540","581"
"62331919","582"
"62331933","586"
"62331804","587"
"62332265","588"
"62332186","589"
"62331471","590"
"62331012","591"
"62331606","592"
"62331695","593"
"62331297","595"
"62330972","596"
"62331827","600"
"62332410","601"
"62331506","602"
"62332236","603"
"62332244","604"
"62330883","606"
"62332317","608"
"62331815","609"
"62331267","610"
"62332068","611"
"62331998","612"
"62331449","613"
"62330963","617"
"62331583","618"
"62331133","619"
"62331551","621"
"62331918","622"
"62332032","623"
"62332042","624"
"62332234","625"
"62331296","626"
"62331095","627"
"62331147","630"
"62332310","631"
"62331787","632"
"62331298","633"
"62331156","634"
"62331891","635"
"62331584","637"
"62331018","638"
"62330987","639"
"62332203","640"
"62331160","642"
"62332128","643"
"62331093","644"
"62331261","645"
"62331337","646"
"62331248","647"
"62330975","648"
"62331199","649"
"62332371","650"
"62331130","651"
"62331470","652"
"62332235","653"
"62330991","654"
"62331725","655"
"62330905","656"
"62330974","657"
"62331887","658"
"62331629","659"
"62330894","660"
"62330932","661"
"62331820","662"
"62331601","663"
"62331889","667"
"62331547","668"
"62331924","669"
"62331189","670"
"62332385","672"
"62331181","673"
"62331180","675"
"62331562","676"
"62330996","677"
"62332039","678"
"62331353","679"
"62330886","684"
"62331846","685"
"62331783","687"
"62331252","688"
"62331259","689"
"62331386","690"
"62331188","692"
"62331805","693"
"62331979","695"
"62331689","698"
"62332334","699"
"62331520","700"
"62331345","702"
"62331994","704"
"62332008","706"
"62332168","710"
"62332066","711"
"62331706","713"
"62331118","714"
"62331812","715"
"62330961","716"
"62331835","719"
"62331137","721"
"62331131","722"
"62331433","724"
"62331369","725"
"62331155","726"
"62331633","728"
"62331824","729"
"62331836","731"
"62331530","732"
"62331831","733"
"62331945","735"
"62331756","740"
"62331528","741"
"62331760","742"
"62332231","743"
"62331874","744"
"62332372","746"
"62331535","748"
"62331323","749"
"62331403","751"
"62331708","756"
"62331948","758"
"62331458","759"
"62331937","760"
"62331936","761"
"62331101","763"
"62332033","764"
"62332183","767"
"62331312","769"
"62331651","770"
"62332209","772"
"62331999","773"
"62331722","774"
"62331260","775"
"62332366","776"
"62331934","777"
"62331896","778"
"62332122","779"
"62330921","780"
"62331473","781"
"62330982","782"
"62332266","783"
"62331434","784"
"62332060","785"
"62332227","787"
"62332175","788"
"62330970","790"
"62331843","791"
"62330913","792"
"62331256","794"
"62331856","795"
"62331825","797"
"62332151","798"
"62330995","799"
"62330950","800"
"62331834","801"
"62332291","802"
"62332162","803"
"62331376","804"
"62331869","805"
"62332282","806"
"62331868","808"
"62331655","809"
"62331748","810"
"62332307","811"
"62332009","812"
"62331719","813"
"62331720","814"
"62332373","815"
"62332187","816"
"62332300","817"
"62331726","818"
"62332061","820"
"62331311","821"
"62332299","822"
"62332221","823"
"62331357","824"
"62331474","825"
"62331819","826"
"62331593","827"
"62332330","828"
"62331288","829"
"62331971","830"
"62331381","831"
"62332046","832"
"62332062","834"
"62332264","835"
"62332273","836"
"62331103","837"
"62331858","838"
"62331025","839"
"62331829","840"
"62332357","841"
"62331504","842"
"62331871","843"
"62331182","844"
"62332245","845"
"62331232","846"
"62331878","847"
"62331500","848"
"62332125","849"
"62331438","850"
"62331352","851"
"62331781","853"
"62331230","855"
"62331003","856"
"62332079","857"
"62331690","858"
"62331099","859"
"62332196","860"
"62331735","861"
"62331378","863"
"62331739","864"
"62332301","865"
"62331462","866"
"62331109","867"
"62331086","868"
"62331854","869"
"62331822","870"
"62331875","871"
"62332267","872"
"62332002","874"
"62331548","875"
"62332058","877"
"62331192","879"
"62330893","881"
"62330887","882"
"62330889","883"
"62330891","884"
"62330901","885"
"62330907","889"
"62331475","891"
"62330979","894"
"62331028","895"
"62331037","896"
"62331038","897"
"62331079","898"
"62331091","899"
"62331124","901"
"62331132","902"
"62331143","903"
"62331148","904"
"62331183","905"
"62331186","906"
"62331220","907"
"62331236","908"
"62331255","910"
"62331303","912"
"62331322","913"
"62331389","914"
"62331405","915"
"62331420","916"
"62331440","918"
"62331448","919"
"62331502","920"
"62331513","921"
"62331519","922"
"62331597","923"
"62331617","924"
"62331696","925"
"62331709","926"
"62331653","927"
"62331926","928"
"62331947","930"
"62331990","931"
"62332027","932"
"62332028","933"
"62332102","935"
"62332193","936"
"62332195","937"
"62332232","938"
"62332284","939"
"62332286","941"
"62332350","942"
"62332377","943"
"62332415","944"
"62331895","947"
"62332178","948"
"62332275","949"
"62331233","950"
"62331246","951"
"62332093","952"
"62332303","953"
"62331328","954"
"62331423","955"
"62331860","956"
"62331243","958"
"62331546","959"
"62332034","960"
"62331075","961"
"62330896","962"
"62332228","963"
"62331880","964"
"62332131","965"
"62332084","966"
"62332054","967"
"62332180","968"
"62331915","969"
"62332392","970"
"62332254","971"
"62331642","972"
"62331212","973"
"62331172","974"
"62331293","975"
"62331373","976"
"62331299","977"
"62332173","978"
"62331074","979"
"62331554","980"
"62331967","981"
"62331992","982"
"62330892","986"
"62330890","987"
"62330895","988"
"62330898","989"
"62330902","990"
"62330908","992"
"62330912","994"
"62330914","995"
"62330915","996"
"62330916","997"
"62330917","998"
"62330920","999"
"62332767",
"62332779",
"62332760",
"62332785",
"62332775",
"62332747",
"62332778",
"62332756",
"62332742",
"62332757",
"62332735",
"62332762",
"62332745",
"62332776",
"57256604",
"62332741",
"62332772",
"62332761",
"62332768",
"62332748",
"57256585",
"62332774",
"47416848",
"62332780",
"62332781",
"57914612",
"55004262",
"62332770",
"62332783",
"54736391",
"62332736",
"62332788",
"62332787",
"62332792",
"62332763",
"62332739",
"62332758",
"62332773",
"62332755",
"62332733",
"62332740",
"62332744",
"62332746",
"62332738",
"44925137",
"62332789",
"62332734",
"62332743",
"62332766",
"57256600",
"62332786",
"62332777",
"62332732",
"62332771",
"62332765",
"62332750",
"62332769",
"62332790",
"62332737",
"62332753",
"62332764",
"62332754",
"62332784",
"62332749",
"62332759",
"62332752",
"62332791",
"62332782",
